frame_id,frame_name
3,frame3
4,frame4
5,frame5
6,frame6
7,frame7
8,frame8
9,frame9
10,frame10
11,frame11
12,frame12
13,frame13
14,frame14
15,frame15
16,frame16
17,frame17
18,frame18
19,frame19
20,frame20
21,frame21
22,frame22
23,frame23
24,frame24
25,frame25
26,frame26
27,frame27
28,frame28
29,frame29
30,frame30
31,frame31
32,frame32
33,frame33
34,frame34
35,frame35
36,frame36
37,frame37
38,frame38
39,frame39
40,frame40
41,frame41
42,frame42
43,frame43
44,frame44
45,frame45
46,frame46
47,frame47
48,frame48
49,frame49
50,frame50
51,frame51
52,frame52
53,frame53
54,frame54
55,frame55
56,frame56
57,frame57
58,frame58
59,frame59
60,frame60
61,frame61
62,frame62
63,frame63
64,frame64
65,frame65
66,frame66
67,frame67
68,frame68
69,frame69
70,frame70
71,frame71
72,frame72
73,frame73
74,frame74
75,frame75
76,frame76
77,frame77
78,frame78
79,frame79
80,frame80
81,frame81
82,frame82
83,frame83
84,frame84
85,frame85
86,frame86
87,frame87
88,frame88
89,frame89
90,frame90
91,frame91
92,frame92
93,frame93
94,frame94
95,frame95
96,frame96
97,frame97
98,frame98
99,frame99
100,frame100
101,frame101
102,frame102
103,frame103
104,frame104
105,frame105
106,frame106
107,frame107
108,frame108
109,frame109
110,frame110
111,frame111
112,frame112
113,frame113
114,frame114
115,frame115
116,frame116
117,frame117
118,frame118
119,frame119
120,frame120
121,frame121
122,frame122
123,frame123
124,frame124
125,frame125
126,frame126
127,frame127
128,frame128
129,frame129
130,frame130
131,frame131
132,frame132
133,frame133
134,frame134
135,frame135
136,frame136
137,frame137
138,frame138
139,frame139
140,frame140
141,frame141
142,frame142
143,frame143
144,frame144
145,frame145
146,frame146
147,frame147
148,frame148
149,frame149
150,frame150
151,frame151
152,frame152
153,frame153
154,frame154
155,frame155
156,frame156
157,frame157
158,frame158
159,frame159
160,frame160
161,frame161
162,frame162
163,frame163
164,frame164
165,frame165
166,frame166
167,frame167
168,frame168
169,frame169
170,frame170
171,frame171
172,frame172
173,frame173
174,frame174
175,frame175
176,frame176
177,frame177
178,frame178
179,frame179
180,frame180
181,frame181
182,frame182
183,frame183
184,frame184
185,frame185
186,frame186
187,frame187
188,frame188
189,frame189
190,frame190
191,frame191
192,frame192
193,frame193
194,frame194
195,frame195
196,frame196
197,frame197
198,frame198
199,frame199
200,frame200
201,frame201
202,frame202
203,frame203
204,frame204
205,frame205
206,frame206
207,frame207
208,frame208
209,frame209
210,frame210
211,frame211
212,frame212
213,frame213
214,frame214
215,frame215
216,frame216
217,frame217
218,frame218
219,frame219
220,frame220
221,frame221
222,frame222
223,frame223
224,frame224
225,frame225
226,frame226
227,frame227
228,frame228
229,frame229
230,frame230
231,frame231
232,frame232
233,frame233
234,frame234
235,frame235
236,frame236
237,frame237
238,frame238
239,frame239
240,frame240
241,frame241
242,frame242
243,frame243
244,frame244
245,frame245
246,frame246
247,frame247
248,frame248
249,frame249
250,frame250
251,frame251
252,frame252
253,frame253
254,frame254
255,frame255
256,frame256
257,frame257
258,frame258
259,frame259
260,frame260
261,frame261
262,frame262
263,frame263
264,frame264
265,frame265
266,frame266
267,frame267
268,frame268
269,frame269
270,frame270
271,frame271
272,frame272
273,frame273
274,frame274
275,frame275
276,frame276
277,frame277
278,frame278
279,frame279
280,frame280
281,frame281
282,frame282
283,frame283
284,frame284
285,frame285
286,frame286
287,frame287
288,frame288
289,frame289
290,frame290
291,frame291
292,frame292
293,frame293
294,frame294
295,frame295
296,frame296
297,frame297
298,frame298
299,frame299
300,frame300
301,frame301
302,frame302
303,frame303
304,frame304
305,frame305
306,frame306
307,frame307
308,frame308
309,frame309
310,frame310
311,frame311
312,frame312
313,frame313
314,frame314
315,frame315
316,frame316
317,frame317
318,frame318
319,frame319
320,frame320
321,frame321
322,frame322
323,frame323
324,frame324
325,frame325
326,frame326
327,frame327
328,frame328
329,frame329
330,frame330
331,frame331
332,frame332
333,frame333
334,frame334
335,frame335
336,frame336
337,frame337
338,frame338
339,frame339
340,frame340
341,frame341
342,frame342
343,frame343
344,frame344
345,frame345
346,frame346
347,frame347
348,frame348
349,frame349
350,frame350
351,frame351
352,frame352
353,frame353
354,frame354
355,frame355
356,frame356
357,frame357
358,frame358
359,frame359
360,frame360
